Stone Quantities in Elevations ,,,,,,,,,,,,,,,,
Elevation,BOQ quantities (m2),Stone Finish material ,Stone Pattern ,Proposed Stone Dimensions (mm),Sheet number,Location in plans (Between Gridlines) ,"Quantity (m2)
as per dwgs","Quantity (m2)
as per dwgs/Stone type",Difference in quantities from BOQ,Offset from wall based on tender (mm),Offset from wall based on wall sections (mm),Wall Section Number,Lamellas Quantities in (LM),Stone Coping Quantities in (LM),Stone Coping width (cm),Notes
East Elevation,895,ST-11,A,W.1000 X H.500,A-207 / A-233 /  A-235 - PRESTIGE ENTRANCE,UU & NN,735,735,160,630,500,WS6,-,43,50,-
,168,ST-06,A,W.1000 X H.500,A-207 / A-233 / A-235 - PRESTIGE ENTRANCE,UU & NN,161,161,7,325,300,WS3-WS4,-,-,-,
,477.26,ST-12,A,W.1000 X H.500,A-207 / A-233 / A-235 - PRESTIGE ENTRANCE,UU & NN,344,588,-110.74,150,225,WS3-WS4-WS6,-,-,-,
,,,A,W.1000 X H.500,A-207 / A-233 / A-235 - PRESTIGE ENTRANCE,UU & NN,212,,,150,225,WS3-WS4-WS6,-,-,-,
,,,A,W.1000 X H.500,A-207 / A-233 / A-235 - PRESTIGE ENTRANCE,UU & NN,32,,,150,-,NO WALL SECTION,-,-,-,
,233,ST-03,B,FOLLOW PATTERN ,A-207 / A-234,DDD & ZZ,232,232,1,150,255,WS1,-,-,-,
,0,Lamellas,-,-,A-207,NN & MM,166.4,166.4,-166.4,Lamellas,,NO WALL SECTION,128,-,-,Not available in BOQ
Total,1773.26,Total,,,,,1882.4,,-109.14,-,-,-,128,43,-,-
West Elevation,870.06,ST-01,C,W.600 X H.300,A-204,J & L,19,1147,-276.94,200,-,NO WALL SECTION,-,-,-,-
,,,B,FOLLOW PATTERN ,A-204,L & O,677,,,190,315,WS1-WS2-WS3,-,-,-,
,,,B,FOLLOW PATTERN ,A-204,L & O,330,,,190,315,WS1-WS2-WS3,-,-,-,
,,,B,FOLLOW PATTERN ,A-204 / A-223 ,CC & DD (SOUK OLD DESIGN),40,,,-,-,-,-,-,-,
,,,B,FOLLOW PATTERN ,A-204 / A-223 ,CC & DD (SOUK OLD DESIGN),44,,,-,-,-,-,-,-,
,,,B,FOLLOW PATTERN ,A-204,HH & JJ(SOUK OLD DESIGN),37,,,-,-,-,-,-,-,
,1370,ST-03,C,W.600 X H.300,A-204,J & L,60,60,1310,200,-,NO WALL SECTION,-,-,-,
,0,ST-08,A,W.1000 X H.500,A-204 / A-223 ,DD & HH (SOUK OLD DESIGN),690,690,-690,-,-,-,-,-,-,From sheet A-223
,612.9,ST-13,C,W.600 X H.300,A-204 / A-224,LL & NN (SOUK OLD DESIGN),118,138,474.9,-,-,-,-,-,-,-
,,,C,W.600 X H.300,A-204 / A-224,UU & VV(SOUK OLD DESIGN),20,,,-,-,-,-,-,-,
,102.1,ST-14,D,W.1200 X H.500,A-204 / A-223 ,O & U ,107,107,-4.9,200,315,WS4,-,-,-,
Total,2955.06,Total,,,,,2142,,813.06,-,-,-,0,-,-,-
South Elevation,637,ST-01,B,FOLLOW PATTERN ,A-206 / A-230,77 & 79,218,1194,-557,200,315,NO WALL SECTION,-,-,-,-
,,,B,FOLLOW PATTERN ,A-206 / A-230,72 & 75,333,,,200,315,WS12,-,-,-,
,,,B,FOLLOW PATTERN ,A-205 / A-227,22 & 25,643,,,850,-,NO WALL SECTION,-,-,-,
,140,ST-03,B,FOLLOW PATTERN ,A-206 / A-232,88 & 90,114,114,26,150,-,NO WALL SECTION,-,-,-,
,285,ST-08,A,W.1000 X H.500,A-206 / A-230,75 & 77,280,280,5,200,315,WS13,-,-,-,
,322.5,ST-14,C,W.600 X H.300,A-206,57 & 62,126,631,-308.5,200,-,NO WALL SECTION,-,-,-,
,,,C,W.600 X H.300,A-205,46 & 49,69,,,200,-,NO WALL SECTION,-,-,-,
,,,C,W.600 X H.300,A-205 / A-226,17 & 19,116,,,200,-,NO WALL SECTION,-,-,-,
,,,C,W.600 X H.300,A-205 / A-226,TERRACE WALL ,320,,,Terrace wall,,NO WALL SECTION,-,-,-,"ST-14  CONFIRMED (RFI-AR-056 )  MEP enclosure and should be 
coordinated."
,0,ST-13,-,-,A-205 / A-226 / A-236,11 & 14 (SOUK OLD DESIGN),330,330,-330,200,-,-,-,-,-,-
Total,1384.5,Total,,,,,2549,,-1164.5,-,-,-,0,-,-,-
North Elevation,3061,ST-01,B,FOLLOW PATTERN ,A-203 / A-222,3 & 4,60,3279,-218,200,-,NO WALL SECTION,-,-,-,-
,,,B,FOLLOW PATTERN ,A-203 / A-222,3 & 9,1676,,,200,315,WS12,-,-,-,
,,,B,FOLLOW PATTERN ,A-203 / A-222,11 & 13,283,,,200,315,WS11,-,-,-,
,,,B,FOLLOW PATTERN ,A-203 / A-219,19 & 23,472,,,200,170,WS8,-,-,-,(RFI-AR-056 )
,,,C,W.600 X H.300,A-202 / A-212,52 & 55,513,,,150,170(WALLS)-150(BEAM),WS1,-,-,-,-
,,,C,W.600 X H.300,A-202 / A-212,52 & 55 TILING,55,,,150,-,-,-,-,-,Horizontal cladding
,,,C,W.600 X H.300,A-202 / A-210,R6 & R8,220,,,150,-,NO WALL SECTION,-,-,-,-
,611.52,ST-02,C,W.600 X H.300,A-202 / A-217,X12 & X15,288,363,248.52,150,-,NO WALL SECTION,-,-,-,-
,,,C,W.600 X H.300,A-202 / A-217,X12 & X15 TILING,75,,,150,,-,-,-,-,Horizontal cladding
,1244.24,ST-03,A,W.1000 X H.500,A-202 / A-211,R0 & R4,28,1516,-271.76,150,-,NO WALL SECTION,-,-,-,-
,,,E,W.1000 X H.500,A-202 / A-211,R0 & R4,29,,,275,-,NO WALL SECTION,-,-,-,
,,,E,W.1000 X H.500,A-202 / A-211,R0 & R4,187,,,150,-,NO WALL SECTION,-,-,-,
,,,E,W.1000 X H.500,A-202 / A-211,R0 & R4,55,,,280,-,NO WALL SECTION,-,-,-,
,,,E,W.1000 X H.500,A-202 / A-211,R0 & R4,128,,,150,-,NO WALL SECTION,-,-,-,
,,,E,W.1000 X H.500,A-202 / A-211,R0 & R4 TILING,37,,,150,-,-,-,-,-,Horizontal cladding
,,,C,W.600 X H.300,A-203 / A-220,12 & 14,119,,,200,-,NO WALL SECTION,-,-,-,-
,,,C,W.600 X H.300,A-202 / A-215,X19 & X21,235,,,150,-,NO WALL SECTION,-,-,-,
,,,C,W.600 X H.300,A-202 / A-215,X19 & X21,128,,,150,-,NO WALL SECTION,-,-,-,
,,,C,W.600 X H.300,A-202 / A-216,X17 & X18,260,,,VARIES,475,WS5-WS6,-,-,-,
,,,C,W.600 X H.300,A-202 / A-216,X17 & X18,79,,,150,170,WS5-WS6,-,-,-,
,,,C,W.600 X H.300,A-202 / A-216,X17 & X18,53,,,150,200,WS5-WS6,-,-,,
,,,C,W.600 X H.300,A-202 / A-216,X17 & X18,88,,,775,875,WS5-WS6,-,-,-,
,,,C,W.600 X H.300,A-203 / A-222,9 & 11,90,,,200,-,NO WALL SECTION,-,-,-,
,,,C,W.600 X H.300,A-203 / A-219,17 & 22,178,178,-178,200,170,WS8-WS9,-,-,-,ST-03  CONFIRMED (RFI-AR-056 )
,62,ST-04,A,W.1000 X H.500,A-202 / A-208,65 & 66,60,60,2,150,-,NO WALL SECTION,-,-,-,-
,126,ST-05,F,W.1200 X H.600,A-202 / A-213,X25 & X28,27,98,28,150,-,NO WALL SECTION,-,-,-,
,,,F,W.1200 X H.600,A-202 / A-213,X25 & X28,71,,,400,-,NO WALL SECTION,,-,-,
,843,ST-09,C,W.600 X H.300,A-203 / A-219,23 & 25,401,637,206,200,-,NO WALL SECTION,-,-,-,
,,,G,W.800 X H.500,A-202 / A-217,R2 & R4,57,,,150,-,NO WALL SECTION,-,-,-,
,,,G,W.800 X H.500,A-202 / A-217,R2 & R4,66,,,275,-,NO WALL SECTION,-,-,-,
,,,G,W.800 X H.500,A-202 / A-217,R2 & R4,43,,,150,-,NO WALL SECTION,-,-,-,
,,,G,W.800 X H.500,A-202 / A-217,R2 & R4,55,,,280,-,NO WALL SECTION,-,-,-,
,,,G,W.800 X H.500,A-202 / A-217,R2 & R4,15,,,150,-,NO WALL SECTION,-,-,-,
,2491.4,ST-10,C,W.600 X H.300,A-202 / A-218,X7 & X9,384,1212,1279.4,150,-,NO WALL SECTION,-,-,-,-
,,,C,W.600 X H.300,A-202 / A-218,X7 & X9 TILING,59,,,150,-,-,-,-,-,Horizontal cladding
,,,-,-,A-202 / A-217,X12 & X15,170,,,275,-,NO WALL SECTION,-,-,-,-
,,,-,-,A-202 / A-217,X12 & X15,96,,,300,-,NO WALL SECTION,-,-,-,
,,,H,W.1300 X H.500,A-202 / A-209,67 & 69 ENTRANCE,370,,,150,-,NO WALL SECTION,-,-,-,
,,,H,W.1300 X H.500,A-202 / A-209,ENTRANCE TILING,133,,,150,-,-,-,-,-,Horizontal cladding
,302,ST-14,D,W.1200 X H.500,A-202 / A-208,65 & 66,101,230,72,150,-,NO WALL SECTION,-,-,-,-
,,,B,FOLLOW PATTERN ,A-202 / A-208,70 & 72,129,,,150,-,NO WALL SECTION,-,-,-,
,477,ST-15,I,FOLLOW PATTERN ,A-202 / A-216,X16 & X17,30,187,290,150,315,WS7,,,,
,,,I,FOLLOW PATTERN ,A-202 / A-215,X18 & X21,37,,,150,-,NO WALL SECTION,-,-,-,-
,,,D,W.1200 X H.500,A-202 / A-213,X25 & X28,90,,,150,-,NO WALL SECTION,-,-,-,
,,,D,W.1200 X H.500,A-202 / A-213,X25 & X28,30,,,275,-,NO WALL SECTION,-,-,-,
,685,ST-16,-,-,A-203 / A-220/222,12 & 13,30,1343,-658,-,-,-,-,-,-,STONE FINISH  CONFIRMED (RFI-AR-056 )
,,,-,-,A-203 / A-219,19 & 25,277,,,-,-,-,-,-,-,Quantities in BOQ for Tiling to be removed from cladding
,,,-,-,A-202 / A-218,X7 & X9,35,,,,,-,,,,
,,,-,-,A-202 / A-217,X12 & X15,66,,,,,-,,,,
,,,-,-,A-202 / A-216,X17 & X18,85,,,,,-,,,,
,,,-,-,A-202 / A-215,X18 & X21,144,,,,,-,,,,
,,,-,-,A-202 / A-213,X25 & X28,108,,,,,-,,,,
,,,-,-,A-202 / A-212,52 & 55,143,,,,,-,,,,
,,,-,-,A-202 / A-211,R0 & R4,152,,,,,-,,,,
,,,-,-,A-202 / A-210,R5 & R9,130,,,,,-,,,,
,,,-,-,A-202 / A-208,65 & 66,104,,,,,-,,,,
,,,-,-,A-202 / A-208,69 & 72,69,,,,,-,,,,
,0,ST-10,-,-,Refer to Lamellas Excel sheet for detailed information,,984.1,984.1,-984.1,Lamellas,-,NO WALL SECTION,757,-,-,-
Total,9903.16,Total,,,,With Terrace Tiling,10087.1,10087.1,-183.94,-,-,,757,-,-,-
,9218.16,,,,,Without Terrace Tiling,8744.1,8744.1,474.06,,,-,,,,
Grand Total With Terrace Tiling,16015.98,Grand Total With Terrace Tiling (ST-16),,,,,16660.5,,-644.52,-,-,-,885,-,-,-
Grand Total Without Terrace Tiling,15330.98,Grand Total Without Terrace Tiling,,,,,15317.5,,13.48,-,-,-,,-,-,-
,,,,,,,,,,,,,,,,
Stone Pattern Proposal Sizes,,,,,,,,,,,,,,,,
,,,,,,,,,,,,,,,,
Stone Pattern Type,Proposed stone Pattern,,,,,Stone Sizes (mm),,,,,,,,,,
A,,,,,,"W:1000 mm
H:500mm",,,,,,,,,,
,,,,,,,,,,,,,,,,
,,,,,,,,,,,,,,,,
,,,,,,,,,,,,,,,,
,,,,,,,,,,,,,,,,
,,,,,,,,,,,,,,,,
,,,,,,,,,,,,,,,,
,,,,,,,,,,,,,,,,
,,,,,,,,,,,,,,,,
,,,,,,,,,,,,,,,,
,,,,,,,,,,,,,,,,
,,,,,,,,,,,,,,,,
,,,,,,,,,,,,,,,,
,,,,,,,,,,,,,,,,
,,,,,,,,,,,,,,,,
,,,,,,,,,,,,,,,,
,,,,,,,,,,,,,,,,
,,,,,,,,,,,,,,,,
,,,,,,,,,,,,,,,,
,,,,,,,,,,,,,,,,
B,OPTION 1 ,,,,,,,,,,,,,,,
,,,,,,FOLLOW PATTERN,,,,,,,,,,
,,,,,,,,,,,,,,,,
,,,,,,,,,,,,,,,,
,,,,,,,,,,,,,,,,
,,,,,,,,,,,,,,,,
,,,,,,,,,,,,,,,,
,,,,,,,,,,,,,,,,
,,,,,,,,,,,,,,,,
,,,,,,,,,,,,,,,,
,,,,,,,,,,,,,,,,
,,,,,,,,,,,,,,,,
,,,,,,,,,,,,,,,,
,,,,,,,,,,,,,,,,
,,,,,,,,,,,,,,,,
,,,,,,,,,,,,,,,,
,,,,,,,,,,,,,,,,
,,,,,,,,,,,,,,,,
,,,,,,,,,,,,,,,,
,,,,,,,,,,,,,,,,
,OPTION 2,,,,,,,,,,,,,,,
,,,,,,FOLLOW PATTERN,,,,,,,,,,
,,,,,,,,,,,,,,,,
,,,,,,,,,,,,,,,,
,,,,,,,,,,,,,,,,
,,,,,,,,,,,,,,,,
,,,,,,,,,,,,,,,,
,,,,,,,,,,,,,,,,
,,,,,,,,,,,,,,,,
,,,,,,,,,,,,,,,,
,,,,,,,,,,,,,,,,
,,,,,,,,,,,,,,,,
,,,,,,,,,,,,,,,,
,,,,,,,,,,,,,,,,
,,,,,,,,,,,,,,,,
,,,,,,,,,,,,,,,,
,,,,,,,,,,,,,,,,
,,,,,,,,,,,,,,,,
,,,,,,,,,,,,,,,,
,,,,,,,,,,,,,,,,
C,,,,,,"W:600 mm
H:300 mm",,,,,,,,,,
,,,,,,,,,,,,,,,,
,,,,,,,,,,,,,,,,
,,,,,,,,,,,,,,,,
,,,,,,,,,,,,,,,,
,,,,,,,,,,,,,,,,
,,,,,,,,,,,,,,,,
,,,,,,,,,,,,,,,,
,,,,,,,,,,,,,,,,
,,,,,,,,,,,,,,,,
,,,,,,,,,,,,,,,,
,,,,,,,,,,,,,,,,
,,,,,,,,,,,,,,,,
,,,,,,,,,,,,,,,,
,,,,,,,,,,,,,,,,
,,,,,,,,,,,,,,,,
,,,,,,,,,,,,,,,,
,,,,,,,,,,,,,,,,
,,,,,,,,,,,,,,,,
,,,,,,,,,,,,,,,,
D,,,,,,"W:1200 mm
H:500 mm",,,,,,,,,,
,,,,,,,,,,,,,,,,
,,,,,,,,,,,,,,,,
,,,,,,,,,,,,,,,,
,,,,,,,,,,,,,,,,
,,,,,,,,,,,,,,,,
,,,,,,,,,,,,,,,,
,,,,,,,,,,,,,,,,
,,,,,,,,,,,,,,,,
,,,,,,,,,,,,,,,,
,,,,,,,,,,,,,,,,
,,,,,,,,,,,,,,,,
,,,,,,,,,,,,,,,,
,,,,,,,,,,,,,,,,
,,,,,,,,,,,,,,,,
,,,,,,,,,,,,,,,,
,,,,,,,,,,,,,,,,
,,,,,,,,,,,,,,,,
,,,,,,,,,,,,,,,,
,,,,,,,,,,,,,,,,
E,,,,,,"W:1000 mm
H:500 mm",,,,,,,,,,
,,,,,,,,,,,,,,,,
,,,,,,,,,,,,,,,,
,,,,,,,,,,,,,,,,
,,,,,,,,,,,,,,,,
,,,,,,,,,,,,,,,,
,,,,,,,,,,,,,,,,
,,,,,,,,,,,,,,,,
,,,,,,,,,,,,,,,,
,,,,,,,,,,,,,,,,
,,,,,,,,,,,,,,,,
,,,,,,,,,,,,,,,,
,,,,,,,,,,,,,,,,
,,,,,,,,,,,,,,,,
,,,,,,,,,,,,,,,,
,,,,,,,,,,,,,,,,
,,,,,,,,,,,,,,,,
,,,,,,,,,,,,,,,,
,,,,,,,,,,,,,,,,
,,,,,,,,,,,,,,,,
F,,,,,,"W:1200 mm
H:600 mm",,,,,,,,,,
,,,,,,,,,,,,,,,,
,,,,,,,,,,,,,,,,
,,,,,,,,,,,,,,,,
,,,,,,,,,,,,,,,,
,,,,,,,,,,,,,,,,
,,,,,,,,,,,,,,,,
,,,,,,,,,,,,,,,,
,,,,,,,,,,,,,,,,
,,,,,,,,,,,,,,,,
,,,,,,,,,,,,,,,,
,,,,,,,,,,,,,,,,
,,,,,,,,,,,,,,,,
,,,,,,,,,,,,,,,,
,,,,,,,,,,,,,,,,
,,,,,,,,,,,,,,,,
,,,,,,,,,,,,,,,,
,,,,,,,,,,,,,,,,
,,,,,,,,,,,,,,,,
,,,,,,,,,,,,,,,,
G,,,,,,"W:800 mm
H:500 mm",,,,,,,,,,
,,,,,,,,,,,,,,,,
,,,,,,,,,,,,,,,,
,,,,,,,,,,,,,,,,
,,,,,,,,,,,,,,,,
,,,,,,,,,,,,,,,,
,,,,,,,,,,,,,,,,
,,,,,,,,,,,,,,,,
,,,,,,,,,,,,,,,,
,,,,,,,,,,,,,,,,
,,,,,,,,,,,,,,,,
,,,,,,,,,,,,,,,,
,,,,,,,,,,,,,,,,
,,,,,,,,,,,,,,,,
,,,,,,,,,,,,,,,,
,,,,,,,,,,,,,,,,
,,,,,,,,,,,,,,,,
,,,,,,,,,,,,,,,,
,,,,,,,,,,,,,,,,
,,,,,,,,,,,,,,,,
H,,,,,,"W:500 mm
H:1300 mm",,,,,,,,,,
,,,,,,,,,,,,,,,,
,,,,,,,,,,,,,,,,
,,,,,,,,,,,,,,,,
,,,,,,,,,,,,,,,,
,,,,,,,,,,,,,,,,
,,,,,,,,,,,,,,,,
,,,,,,,,,,,,,,,,
,,,,,,,,,,,,,,,,
,,,,,,,,,,,,,,,,
,,,,,,,,,,,,,,,,
,,,,,,,,,,,,,,,,
,,,,,,,,,,,,,,,,
,,,,,,,,,,,,,,,,
,,,,,,,,,,,,,,,,
,,,,,,,,,,,,,,,,
,,,,,,,,,,,,,,,,
,,,,,,,,,,,,,,,,
,,,,,,,,,,,,,,,,
,,,,,,,,,,,,,,,,
I,,,,,,FOLLOW PATTERN,,,,,,,,,,